[{"model": "shop.shippingaddress", "pk": 100, "fields": {"address": "Tiss str. 25", "city": "London", "country": "GB", "state": "London", "postal_code": 219373}}, {"model": "shop.shippingaddress", "pk": 101, "fields": {"address": "39 Pleasant Street", "city": "Hickory", "country": "US", "state": "NC", "postal_code": 28601}}, {"model": "shop.shippingaddress", "pk": 102, "fields": {"address": "Sauletekio al. 47", "city": "Vilnius", "country": "LT", "state": "Vilnius", "postal_code": 10228}}, {"model": "shop.shippingaddress", "pk": 103, "fields": {"address": "Gedimino pr., 8", "city": "Vilnius", "country": "LT", "state": "Vilnius", "postal_code": 10222}}, {"model": "shop.shippingaddress", "pk": 104, "fields": {"address": "24 Anderson Dr.", "city": "Hudsonville", "country": "US", "state": "MI", "postal_code": 49426}}, {"model": "shop.shippingaddress", "pk": 105, "fields": {"address": "81 Glen Ridge Street", "city": "Skokie", "country": "US", "state": "IL", "postal_code": 60076}}, {"model": "shop.shippingaddress", "pk": 106, "fields": {"address": "72 Cottage St.", "city": "Pottstown", "country": "US", "state": "PA", "postal_code": 375926}}, {"model": "shop.shippingaddress", "pk": 107, "fields": {"address": "711 Monroe St.", "city": "Scotch Plains", "country": "US", "state": "NJ", "postal_code": 7076}}, {"model": "shop.shippingaddress", "pk": 108, "fields": {"address": "87 Central St.", "city": "Clifton Park", "country": "US", "state": "NY", "postal_code": 234763}}, {"model": "shop.shippingaddress", "pk": 109, "fields": {"address": "159 Edgewater Avenue", "city": "Grove City", "country": "US", "state": "OH", "postal_code": 23124}}, {"model": "shop.shippingaddress", "pk": 110, "fields": {"address": "104 North Oakwood Lane", "city": "Arvada", "country": "US", "state": "CO", "postal_code": 12574}}, {"model": "shop.shippingaddress", "pk": 111, "fields": {"address": "9369 John St.", "city": "Bristow", "country": "CA", "state": "VA", "postal_code": 35483}}, {"model": "shop.shippingaddress", "pk": 112, "fields": {"address": "8 Church Court", "city": "Hightstown", "country": "US", "state": "NJ", "postal_code": 8362}}, {"model": "shop.shippingaddress", "pk": 113, "fields": {"address": "29 Linden Dr.", "city": "Hanover Park", "country": "US", "state": "IL", "postal_code": 89754}}, {"model": "shop.shippingaddress", "pk": 114, "fields": {"address": "7188 Warren Ave.", "city": "Columbus", "country": "US", "state": "GA", "postal_code": 33285}}, {"model": "shop.shippingaddress", "pk": 115, "fields": {"address": "235 West Bald Hill Lane", "city": "Rockledge", "country": "US", "state": "FL", "postal_code": 75648}}, {"model": "shop.shippingaddress", "pk": 116, "fields": {"address": "572 Oak Valley St.", "city": "Covington", "country": "US", "state": "GA", "postal_code": 34748}}, {"model": "shop.shippingaddress", "pk": 117, "fields": {"address": "224 Second Rd.", "city": "Fairport", "country": "US", "state": "NY", "postal_code": 24767}}, {"model": "shop.shippingaddress", "pk": 118, "fields": {"address": "492 Rock Creek Dr.", "city": "Manchester", "country": "US", "state": "NH", "postal_code": 87332}}, {"model": "shop.order", "pk": 91, "fields": {"user": 50, "first_name": "Ron", "last_name": "Weasley", "email": "2611phoebe@gmail.com", "date_ordered": "2022-07-15T08:08:25.789Z", "total_price": 28.4, "payment": "Payment on delivery", "address": 100, "complete": true, "transaction_id": "92817493"}}, {"model": "shop.order", "pk": 92, "fields": {"user": null, "first_name": "Velina", "last_name": "Peshkur", "email": "seanq@gmail.com", "date_ordered": "2022-07-15T08:17:56.710Z", "total_price": 73.4, "payment": "Paid", "address": 101, "complete": false, "transaction_id": "92817493"}}, {"model": "shop.order", "pk": 93, "fields": {"user": null, "first_name": "Hermione", "last_name": "Granger", "email": "pereinar@live.com", "date_ordered": "2022-07-15T08:18:36.464Z", "total_price": 18.7, "payment": "Payment on delivery", "address": 102, "complete": false, "transaction_id": "3284769845"}}, {"model": "shop.order", "pk": 94, "fields": {"user": 50, "first_name": "Ron", "last_name": "Weasley", "email": "2611phoebe@gmail.com", "date_ordered": "2022-07-15T08:19:44.915Z", "total_price": 19.2, "payment": "Paid", "address": 103, "complete": false, "transaction_id": "8753246278"}}, {"model": "shop.order", "pk": 95, "fields": {"user": 50, "first_name": "Velina", "last_name": "Peshkur", "email": "2611phoebe@gmail.com", "date_ordered": "2022-07-19T08:55:53.468Z", "total_price": 7.875, "payment": "Payment on delivery", "address": 104, "complete": false, "transaction_id": "38745823592"}}, {"model": "shop.order", "pk": 96, "fields": {"user": 50, "first_name": "Velina", "last_name": "Peshkur", "email": "murdocj@hotmail.com", "date_ordered": "2022-07-19T10:04:04.231Z", "total_price": 8.75, "payment": "Payment on delivery", "address": 105, "complete": false, "transaction_id": "74658794321"}}, {"model": "shop.order", "pk": 97, "fields": {"user": 50, "first_name": "Velina", "last_name": "Peshkur", "email": "2611phoebe@gmail.com", "date_ordered": "2022-07-20T15:28:15.371Z", "total_price": 21.3, "payment": "Paid", "address": 106, "complete": false, "transaction_id": "8927598294"}}, {"model": "shop.order", "pk": 98, "fields": {"user": null, "first_name": "Velina", "last_name": "Peshkur", "email": "2611phoebe@gmail.com", "date_ordered": "2022-07-21T08:40:46.732Z", "total_price": 15.65, "payment": "Payment on delivery", "address": 107, "complete": true, "transaction_id": "09832498791"}}, {"model": "shop.order", "pk": 99, "fields": {"user": 50, "first_name": "Velina", "last_name": "Peshkur", "email": "comdig@verizon.net", "date_ordered": "2022-07-21T08:46:39.195Z", "total_price": 5.52, "payment": "Awaiting payment", "address": 108, "complete": false, "transaction_id": "892375"}}, {"model": "shop.order", "pk": 100, "fields": {"user": 50, "first_name": "Velina", "last_name": "Peshkur", "email": "2611phoebe@gmail.com", "date_ordered": "2022-07-21T10:15:06.798Z", "total_price": 77.12, "payment": "Paid", "address": 109, "complete": true, "transaction_id": "827491348092"}}, {"model": "shop.order", "pk": 101, "fields": {"user": 50, "first_name": "Velina", "last_name": "Peshkur", "email": "2611phoebe@gmail.com", "date_ordered": "2022-07-25T10:01:31.109Z", "total_price": 6.9, "payment": "Payment on delivery", "address": 110, "complete": false, "transaction_id": "219839182373"}}, {"model": "shop.order", "pk": 102, "fields": {"user": 56, "first_name": "Ilya", "last_name": "Voronin", "email": "ilya.voronin1265@gmail.com", "date_ordered": "2022-07-25T10:16:03.951Z", "total_price": 42.6, "payment": "Paid", "address": 111, "complete": false, "transaction_id": "287439273"}}, {"model": "shop.order", "pk": 103, "fields": {"user": null, "first_name": "Karina", "last_name": "B", "email": "barbaskarina@gmail.com", "date_ordered": "2022-07-25T10:17:43.155Z", "total_price": 6.9, "payment": "Awaiting payment", "address": 112, "complete": false, "transaction_id": "984539083234"}}, {"model": "shop.order", "pk": 104, "fields": {"user": 57, "first_name": "Karina", "last_name": "Бычина", "email": "petersen@me.com", "date_ordered": "2022-07-25T10:21:41.007Z", "total_price": 10.5, "payment": "Payment on delivery", "address": 113, "complete": false, "transaction_id": "2183448237"}}, {"model": "shop.order", "pk": 105, "fields": {"user": 57, "first_name": "Karina", "last_name": "Bychina", "email": "barbaskarina@gmail.com", "date_ordered": "2022-07-25T10:26:20.848Z", "total_price": 28.5, "payment": "Paid", "address": 114, "complete": false, "transaction_id": "84372878913"}}, {"model": "shop.order", "pk": 106, "fields": {"user": 50, "first_name": "Velina", "last_name": "Peshkur", "email": "2611phoebe@gmail.com", "date_ordered": "2022-07-26T10:26:19.726Z", "total_price": 35.8, "payment": "Payment on delivery", "address": 115, "complete": false, "transaction_id": "48927472648"}}, {"model": "shop.order", "pk": 107, "fields": {"user": 53, "first_name": "Velina", "last_name": "Peshkur", "email": "2611phoebe@gmail.com", "date_ordered": "2022-07-26T13:54:15.503Z", "total_price": 38.2, "payment": "Paid", "address": 116, "complete": false, "transaction_id": "87687689653"}}, {"model": "shop.order", "pk": 108, "fields": {"user": 53, "first_name": "Velina", "last_name": "Peshkur", "email": "2611phoebe@gmail.com", "date_ordered": "2022-07-26T13:54:56.673Z", "total_price": 52.3, "payment": "Payment on delivery", "address": 117, "complete": true, "transaction_id": "12394734"}}, {"model": "shop.order", "pk": 109, "fields": {"user": 53, "first_name": "Velina", "last_name": "Peshkur", "email": "2611phoebe@gmail.com", "date_ordered": "2022-07-26T13:55:30.676Z", "total_price": 15.65, "payment": "Awaiting payment", "address": 118, "complete": false, "transaction_id": "134764388"}}, {"model": "shop.orderitem", "pk": 168, "fields": {"item": 8, "order": 91, "quantity": 2, "date_added": "2022-07-15T08:08:25.791Z", "cost": 17.5}}, {"model": "shop.orderitem", "pk": 169, "fields": {"item": 4, "order": 91, "quantity": 1, "date_added": "2022-07-15T08:08:25.792Z", "cost": 10.9}}, {"model": "shop.orderitem", "pk": 170, "fields": {"item": 2, "order": 92, "quantity": 1, "date_added": "2022-07-15T08:17:56.711Z", "cost": 10.8}}, {"model": "shop.orderitem", "pk": 171, "fields": {"item": 3, "order": 92, "quantity": 2, "date_added": "2022-07-15T08:17:56.712Z", "cost": 21.0}}, {"model": "shop.orderitem", "pk": 172, "fields": {"item": 4, "order": 92, "quantity": 3, "date_added": "2022-07-15T08:17:56.713Z", "cost": 32.7}}, {"model": "shop.orderitem", "pk": 173, "fields": {"item": 7, "order": 92, "quantity": 1, "date_added": "2022-07-15T08:17:56.714Z", "cost": 8.9}}, {"model": "shop.orderitem", "pk": 174, "fields": {"item": 2, "order": 93, "quantity": 1, "date_added": "2022-07-15T08:18:36.466Z", "cost": 10.8}}, {"model": "shop.orderitem", "pk": 175, "fields": {"item": 11, "order": 93, "quantity": 1, "date_added": "2022-07-15T08:18:36.467Z", "cost": 7.9}}, {"model": "shop.orderitem", "pk": 176, "fields": {"item": 6, "order": 94, "quantity": 1, "date_added": "2022-07-15T08:19:44.916Z", "cost": 13.5}}, {"model": "shop.orderitem", "pk": 177, "fields": {"item": 3, "order": 94, "quantity": 1, "date_added": "2022-07-15T08:19:44.917Z", "cost": 10.5}}, {"model": "shop.orderitem", "pk": 178, "fields": {"item": 8, "order": 95, "quantity": 1, "date_added": "2022-07-19T08:55:53.471Z", "cost": 8.75}}, {"model": "shop.orderitem", "pk": 179, "fields": {"item": 8, "order": 96, "quantity": 1, "date_added": "2022-07-19T10:04:04.234Z", "cost": 8.75}}, {"model": "shop.orderitem", "pk": 180, "fields": {"item": 9, "order": 97, "quantity": 2, "date_added": "2022-07-20T15:28:15.374Z", "cost": 13.8}}, {"model": "shop.orderitem", "pk": 181, "fields": {"item": 10, "order": 97, "quantity": 1, "date_added": "2022-07-20T15:28:15.375Z", "cost": 7.5}}, {"model": "shop.orderitem", "pk": 182, "fields": {"item": 8, "order": 98, "quantity": 1, "date_added": "2022-07-21T08:40:46.735Z", "cost": 8.75}}, {"model": "shop.orderitem", "pk": 183, "fields": {"item": 9, "order": 98, "quantity": 1, "date_added": "2022-07-21T08:40:46.736Z", "cost": 6.9}}, {"model": "shop.orderitem", "pk": 184, "fields": {"item": 9, "order": 99, "quantity": 1, "date_added": "2022-07-21T08:46:39.198Z", "cost": 6.9}}, {"model": "shop.orderitem", "pk": 185, "fields": {"item": 8, "order": 100, "quantity": 2, "date_added": "2022-07-21T10:15:06.802Z", "cost": 17.5}}, {"model": "shop.orderitem", "pk": 186, "fields": {"item": 11, "order": 100, "quantity": 1, "date_added": "2022-07-21T10:15:06.803Z", "cost": 7.9}}, {"model": "shop.orderitem", "pk": 187, "fields": {"item": 3, "order": 100, "quantity": 1, "date_added": "2022-07-21T10:15:06.804Z", "cost": 10.5}}, {"model": "shop.orderitem", "pk": 188, "fields": {"item": 4, "order": 100, "quantity": 1, "date_added": "2022-07-21T10:15:06.805Z", "cost": 10.9}}, {"model": "shop.orderitem", "pk": 189, "fields": {"item": 2, "order": 100, "quantity": 1, "date_added": "2022-07-21T10:15:06.805Z", "cost": 10.8}}, {"model": "shop.orderitem", "pk": 190, "fields": {"item": 5, "order": 100, "quantity": 1, "date_added": "2022-07-21T10:15:06.806Z", "cost": 9.5}}, {"model": "shop.orderitem", "pk": 191, "fields": {"item": 6, "order": 100, "quantity": 1, "date_added": "2022-07-21T10:15:06.807Z", "cost": 13.5}}, {"model": "shop.orderitem", "pk": 192, "fields": {"item": 7, "order": 100, "quantity": 1, "date_added": "2022-07-21T10:15:06.807Z", "cost": 8.9}}, {"model": "shop.orderitem", "pk": 193, "fields": {"item": 9, "order": 100, "quantity": 1, "date_added": "2022-07-21T10:15:06.808Z", "cost": 6.9}}, {"model": "shop.orderitem", "pk": 194, "fields": {"item": 9, "order": 101, "quantity": 1, "date_added": "2022-07-25T10:01:31.134Z", "cost": 6.9}}, {"model": "shop.orderitem", "pk": 195, "fields": {"item": 2, "order": 102, "quantity": 2, "date_added": "2022-07-25T10:16:03.977Z", "cost": 21.6}}, {"model": "shop.orderitem", "pk": 196, "fields": {"item": 3, "order": 102, "quantity": 2, "date_added": "2022-07-25T10:16:03.997Z", "cost": 21.0}}, {"model": "shop.orderitem", "pk": 197, "fields": {"item": 9, "order": 103, "quantity": 1, "date_added": "2022-07-25T10:17:43.179Z", "cost": 6.9}}, {"model": "shop.orderitem", "pk": 198, "fields": {"item": 3, "order": 104, "quantity": 1, "date_added": "2022-07-25T10:21:41.034Z", "cost": 10.5}}, {"model": "shop.orderitem", "pk": 199, "fields": {"item": 5, "order": 105, "quantity": 3, "date_added": "2022-07-25T10:26:20.876Z", "cost": 28.5}}, {"model": "shop.orderitem", "pk": 200, "fields": {"item": 5, "order": 106, "quantity": 3, "date_added": "2022-07-26T10:26:19.755Z", "cost": 28.5}}, {"model": "shop.orderitem", "pk": 201, "fields": {"item": 8, "order": 106, "quantity": 1, "date_added": "2022-07-26T10:26:19.779Z", "cost": 8.75}}, {"model": "shop.orderitem", "pk": 202, "fields": {"item": 10, "order": 106, "quantity": 1, "date_added": "2022-07-26T10:26:19.801Z", "cost": 7.5}}, {"model": "shop.orderitem", "pk": 203, "fields": {"item": 8, "order": 107, "quantity": 2, "date_added": "2022-07-26T13:54:15.529Z", "cost": 17.5}}, {"model": "shop.orderitem", "pk": 204, "fields": {"item": 9, "order": 107, "quantity": 3, "date_added": "2022-07-26T13:54:15.547Z", "cost": 20.7}}, {"model": "shop.orderitem", "pk": 205, "fields": {"item": 4, "order": 108, "quantity": 1, "date_added": "2022-07-26T13:54:56.705Z", "cost": 10.9}}, {"model": "shop.orderitem", "pk": 206, "fields": {"item": 5, "order": 108, "quantity": 2, "date_added": "2022-07-26T13:54:56.726Z", "cost": 19.0}}, {"model": "shop.orderitem", "pk": 207, "fields": {"item": 6, "order": 108, "quantity": 1, "date_added": "2022-07-26T13:54:56.746Z", "cost": 13.5}}, {"model": "shop.orderitem", "pk": 208, "fields": {"item": 7, "order": 108, "quantity": 1, "date_added": "2022-07-26T13:54:56.766Z", "cost": 8.9}}, {"model": "shop.orderitem", "pk": 209, "fields": {"item": 8, "order": 109, "quantity": 1, "date_added": "2022-07-26T13:55:30.700Z", "cost": 8.75}}, {"model": "shop.orderitem", "pk": 210, "fields": {"item": 9, "order": 109, "quantity": 1, "date_added": "2022-07-26T13:55:30.721Z", "cost": 6.9}}]
